{"cameraMode":{"drawMode":0,"name":"Shaded","section":"Shading Mode"},"sceneLighting":true,"audioPlay":false,"sceneViewState":{"showFog":false,"showMaterialUpdate":false,"showSkybox":false,"showFlares":false,"showImageEffects":true,"showParticleSystems":true},"in2DMode":false,"pivot":{"x":590.9699096679688,"y":300.9192810058594,"z":-5.5108642578125},"rotation":{"x":0.005692697130143642,"y":-0.006313541904091835,"z":0.00004934289972879924,"w":-0.9999639391899109},"size":671.158935546875,"orthographic":false}