{"cameraMode":{"drawMode":0,"name":"Shaded","section":"Shading Mode"},"sceneLighting":true,"audioPlay":false,"sceneViewState":{"showFog":false,"showMaterialUpdate":false,"showSkybox":false,"showFlares":false,"showImageEffects":true,"showParticleSystems":true},"in2DMode":false,"pivot":{"x":556.3395385742188,"y":253.06985473632813,"z":70.7816162109375},"rotation":{"x":-0.01980852708220482,"y":0.0005972183425910771,"z":-0.000011839397302537691,"w":-0.9998036623001099},"size":846.9075317382813,"orthographic":false}