{"cameraMode":{"drawMode":0,"name":"Shaded","section":"Shading Mode"},"sceneLighting":false,"audioPlay":false,"sceneViewState":{"showFog":false,"showMaterialUpdate":false,"showSkybox":false,"showFlares":false,"showImageEffects":true,"showParticleSystems":true},"in2DMode":false,"pivot":{"x":675.435791015625,"y":256.7807312011719,"z":7.53863525390625},"rotation":{"x":-0.03030223771929741,"y":-0.004808034282177687,"z":0.0002311646967427805,"w":-0.999529242515564},"size":968.1767578125,"orthographic":false}